<?xml version="1.0" encoding="UTF-8"?>
<!DOCTYPE suite SYSTEM "http://testng.org/testng-1.0.dtd">
<suite name="Suite" parallel="tests" thread-count="4">
    <test name="ParallelThread1">
        <parameter name="automationName" value="Web" />
        <parameter name="browserName" value="chromeRemote" />
        <parameter name="environmentName" value="local" />
        <!--<parameter name="browserVersion" value="50" />-->
        <classes>
            <class name="cucumberStepDefinitions.RunCukes" />
            <class name="testNgDefinitions.sampleTest" />
        </classes>
    </test>

</suite>