<?xml version="1.0" encoding="UTF-8"?>
<!DOCTYPE suite SYSTEM "http://testng.org/testng-1.0.dtd">
<suite name="Suite" parallel="tests" thread-count="2">
    <test name="ParallelThread1">
        <parameter name="automationName" value="Web" />
        <parameter name="browserName" value="chromeRemote" />
        <parameter name="environmentName" value="local" />
        <classes>
            <class name="cucumberStepDefinitions.RunCukes" />
            <class name="testNgDefinitions.sampleTest" />
        </classes>
    </test>
    <test name="ParallelThread2">
        <parameter name="automationName" value="Web" />
        <parameter name="browserName" value="FirefoxRemote" />
        <parameter name="environmentName" value="local" />
        <classes>
            <class name="cucumberStepDefinitions.RunCukes" />
            <class name="testNgDefinitions.sampleTest" />
        </classes>
    </test>
    <test name="ParallelThread3">
        <parameter name="automationName" value="Web" />
        <parameter name="browserName" value="chrome" />
        <parameter name="environmentName" value="local" />
        <classes>
            <class name="cucumberStepDefinitions.RunCukes" />
            <class name="testNgDefinitions.sampleTest" />
        </classes>
    </test>
    <test name="ParallelThread4">
        <parameter name="automationName" value="Web" />
        <parameter name="browserName" value="Firefox" />
        <parameter name="environmentName" value="local" />
        <classes>
            <class name="cucumberStepDefinitions.RunCukes" />
            <class name="testNgDefinitions.sampleTest" />
        </classes>
    </test>
</suite>