<soapenv:Envelope xmlns:soapenv="http://schemas.xmlsoap.org/soap/envelope/">
    <soapenv:Header/>
    <soapenv:Body>
        <ws_CibilConclusionResponse>
            <ConclusionResponse>
                <CIBIL>
                    <STATUS>
                        <CODE>0</CODE>
                        <MESSAGE>INFO Success</MESSAGE>
                        <SEVERITY>INFO</SEVERITY>
                    </STATUS>
                    <CIBIL_SCORE_G>
                        <CIBIL_SCORE>600</CIBIL_SCORE>
                        <PERFORM_DATE>07/01/2017</PERFORM_DATE>
                    </CIBIL_SCORE_G>
                    <CIBIL_RECO>
                        <ACCOUNT_TYPE>DEBIT CARD</ACCOUNT_TYPE>
                        <RECOMAND>PARTIAL</RECOMAND>
                        <HUTIZ_CR_LMT>Y</HUTIZ_CR_LMT>
                        <PLOAN>N</PLOAN>
                    </CIBIL_RECO>
                    <PERSONAL_INFO>
                        <NAME>C</NAME>
                        <DOB>11/11/85</DOB>
                        <GENDER>O</GENDER>
                        <IDENTIFICATION>
                            <IDENTIFICATION_TYPE>PAN</IDENTIFICATION_TYPE>
                            <NUMBER>ABCDE1234P</NUMBER>
                            <ISSUE_DATE>11/11/88</ISSUE_DATE>
                            <EXPIRATION_DATE>NA</EXPIRATION_DATE>
                        </IDENTIFICATION>
                    </PERSONAL_INFO>
                    <ENQUIRY_INFO>
                        <MEMBER_NAME>ICICI BANK</MEMBER_NAME>
                        <DATE_OF_ENQUIRY>05/06/2017</DATE_OF_ENQUIRY>
                        <ENQUIRY_PURPOSE>LOAN</ENQUIRY_PURPOSE>
                        <ENQUIRY_AMOUNT>50000.00</ENQUIRY_AMOUNT>
                    </ENQUIRY_INFO>
                </CIBIL>
            </ConclusionResponse>
        </ws_CibilConclusionResponse>
    </soapenv:Body>
</soapenv:Envelope>