<soapenv:Envelope xmlns:soapenv="http://schemas.xmlsoap.org/soap/envelope/">
    <soapenv:Header/>
    <soapenv:Body>
        <ws_CibilConclusionResponse>
            <CibilConclusionResponse>
                <CIBIL>
                    <STATUS>
                        <CODE>00008</CODE>
                        <MESSAGE>Application error</MESSAGE>
                        <SEVERITY>NAN</SEVERITY>
                    </STATUS>
                    <ENQUIRY_INFO>
                        <MEMBER_NAME>EMBER_NAME</MEMBER_NAME>
                        <DATE_OF_ENQUIRY>DATE_OF_ENQUIRY</DATE_OF_ENQUIRY>
                        <ENQUIRY_PURPOSE>ENQUIRY_PURPOSE</ENQUIRY_PURPOSE>
                        <ENQUIRY_AMOUNT>ENQUIRY_AMOUNT</ENQUIRY_AMOUNT>
                    </ENQUIRY_INFO>
                </CIBIL>
            </CibilConclusionResponse>
        </ws_CibilRequesterInformation>
    </soapenv:Body>
</soapenv:Envelope>