<soapenv:Envelope xmlns:soapenv="http://schemas.xmlsoap.org/soap/envelope/">
    <soapenv:Header/>
    <soapenv:Body>
        <ws_CibilRequesterInformation>
            <CibilRequesterInformationRequest>
                <CIBIL_NBR></CIBIL_NBR>
                <ENQUIRY_INFO>
                    <MEMBER_NAME>ICICI BANK</MEMBER_NAME>
                    <DATE_OF_ENQUIRY>05/06/2017</DATE_OF_ENQUIRY>
                    <ENQUIRY_PURPOSE>PERSONAL LOAN</ENQUIRY_PURPOSE>
                    <ENQUIRY_AMOUNT>50000.00</ENQUIRY_AMOUNT>
                </ENQUIRY_INFO>
            </CibilRequesterInformationRequest>
        </ws_CibilRequesterInformation>
    </soapenv:Body>
</soapenv:Envelope>