<soapenv:Envelope xmlns:soapenv="http://schemas.xmlsoap.org/soap/envelope/">
    <soapenv:Header/>
    <soapenv:Body>
        <ws_CibilRequesterInformation>
            <CibilRequesterInformationResponse>
                <CIBIL>
                    <STATUS>
                        <CODE>CODE</CODE>
                        <MESSAGE>MESSAGE</MESSAGE>
                        <SEVERITY>SEVERITY</SEVERITY>
                    </STATUS>
                    <CIBIL_SCORE_G>
                        <CIBIL_SCORE>CIBIL_SCORE</CIBIL_SCORE>
                        <LATE_PAY>LATE_PAY</LATE_PAY>
                        <HUTIZ_CR_LMT>HUTIZ_CR_LMT</HUTIZ_CR_LMT>
                        <PLOAN>PLOAN</PLOAN>
                        <EXCE_CR>EXCE_CR</EXCE_CR>
                    </CIBIL_SCORE_G>
                    <PERSONAL_INFO>
                        <NAME>NAME</NAME>
                        <DOB>DOB</DOB>
                        <GENDER>GENDER</GENDER>
                        <IDENTIFICATION>
                            <IDENTIFICATION_TYPE>IDENTIFICATION_TYPE</IDENTIFICATION_TYPE>
                            <NUMBER>NUMBER</NUMBER>
                            <ISSUE_DATE>ISSUE_DATE</ISSUE_DATE>
                            <EXPIRATION_DATE>EXPIRATION_DATE</EXPIRATION_DATE>
                        </IDENTIFICATION>
                    </PERSONAL_INFO>
                    <CONTACT_INFO>
                        <ADDRESS>ADDRESS</ADDRESS>
                        <CATEGORY>CATEGORY</CATEGORY>
                        <STATUS>STATUS</STATUS>
                        <CONTACT_DATE_REPORTED>CONTACT_DATE_REPORTED</CONTACT_DATE_REPORTED>
                        <MOBILE_NUMBER>MOBILE_NUMBER</MOBILE_NUMBER>
                        <PHONE_NUMBER>PHONE_NUMBER</PHONE_NUMBER>
                        <EMAIL>EMAIL</EMAIL>
                    </CONTACT_INFO>
                    <EMPLOYMENT_INFO>
                        <EMP_ACCOUNT_TYPE>EMP_ACCOUNT_TYPE</EMP_ACCOUNT_TYPE>
                        <EMP_DATE_REPORTED>EMP_DATE_REPORTED</EMP_DATE_REPORTED>
                        <OCCUPATION>OCCUPATION</OCCUPATION>
                        <INCOME>INCOME</INCOME>
                        <FREQUENCY>FREQUENCY</FREQUENCY>
                        <INCOME_INDICATOR>INCOME_INDICATOR</INCOME_INDICATOR>
                    </EMPLOYMENT_INFO>
                    <ACCOUNT_INFO>
                        <MEMBER_NAME>MEMBER_NAME</MEMBER_NAME>
                        <ACCOUNT_NBR>ACCOUNT_NBR</ACCOUNT_NBR>
                        <ACCOUNT_TYPE>ACCOUNT_TYPE</ACCOUNT_TYPE>
                        <OWNERSHIP>OWNERSHIP</OWNERSHIP>
                        <DATES>
                            <DATE_OPEN>DATE_OPEN</DATE_OPEN>
                            <DATE_CLOSED>DATE_CLOSED</DATE_CLOSED>
                            <DATE_LAST_PAYMENT>DATE_LAST_PAYMENT</DATE_LAST_PAYMENT>
                            <DATE_REPORTED>DATES_DATE_REPORTED</DATE_REPORTED>
                        </DATES>
                        <ACCOUNT_STATUS>
                            <CREDIT_LIMIT>CREDIT_LIMIT</CREDIT_LIMIT>
                            <HIGH_CREDIT>HIGH_CREDIT</HIGH_CREDIT>
                            <CURRENT_BAL>CURRENT_BAL</CURRENT_BAL>
                            <CASH_LIMIT>CASH_LIMIT</CASH_LIMIT>
                            <AMT_OVERDUE>AMT_OVERDUE</AMT_OVERDUE>
                            <RATE_OF_INTEREST>RATE_OF_INTEREST</RATE_OF_INTEREST>
                            <REPAYMENT_TENURE>REPAYMENT_TENURE</REPAYMENT_TENURE>
                            <EMI_AMT>EMI_AMT</EMI_AMT>
                            <PAYMENT_FREQUENCY>PAYMENT_FREQUENCY</PAYMENT_FREQUENCY>
                            <ACTUAL_PAYMENT_AMT>ACTUAL_PAYMENT_AMT</ACTUAL_PAYMENT_AMT>
                            <SANCTIONED_AMT>SANCTIONED_AMT</SANCTIONED_AMT>
                        </ACCOUNT_STATUS>
                        <COLLATERAL>
                            <COLLATERAL_VALUE>COLLATERAL_VALUE</COLLATERAL_VALUE>
                            <COLLATERAL_TYPE>COLLATERAL_TYPE</COLLATERAL_TYPE>
                        </COLLATERAL>
                        <LOAN_STATUS>
                            <RB>RB</RB>
                            <WRITTEN_OFF_STATUS>WRITTEN_OFF_STATUS</WRITTEN_OFF_STATUS>
                            <WRITTEN_OFF_AMT_TOTAL>WRITTEN_OFF_AMT_TOTAL</WRITTEN_OFF_AMT_TOTAL>
                            <WRITTEN_OFF_AMT_PRI>WRITTEN_OFF_AMT_PRI</WRITTEN_OFF_AMT_PRI>
                            <SETTLEMENT_AMT>SETTLEMENT_AMT</SETTLEMENT_AMT>
                        </LOAN_STATUS>
                        <PAYMENT_HISTORY>
                            <ASSET_CLASSIFICATION>ASSET_CLASSIFICATION</ASSET_CLASSIFICATION>
                            <DPD>DPD</DPD>
                        </PAYMENT_HISTORY>
                    </ACCOUNT_INFO>
                    <ENQUIRY_INFO>
                        <MEMBER_NAME>MEMBER_NAME</MEMBER_NAME>
                        <DATE_OF_ENQUIRY>DATE_OF_ENQUIRY</DATE_OF_ENQUIRY>
                        <ENQUIRY_PURPOSE>ENQUIRY_PURPOSE</ENQUIRY_PURPOSE>
                        <ENQUIRY_AMOUNT>ENQUIRY_AMOUNT</ENQUIRY_AMOUNT>
                    </ENQUIRY_INFO>
                </CIBIL>
            </CibilRequesterInformationResponse>
        </ws_CibilRequesterInformation>
    </soapenv:Body>
</soapenv:Envelope>