<soapenv:Envelope xmlns:soapenv="http://schemas.xmlsoap.org/soap/envelope/">
    <soapenv:Header/>
    <soapenv:Body>
        <ENQUIRY>
            <CIBIL_SCORE>600</CIBIL_SCORE>
            <CIBIL_NBR>8c92db68-443b-4904-89b6-392730a64b8b</CIBIL_NBR>
        </ENQUIRY>
        <ENQUIRY_INFO>
            <MEMBER_NAME>ICICI BANK</MEMBER_NAME>
            <DATE_OF_ENQUIRY>05/06/2017</DATE_OF_ENQUIRY>
            <ENQUIRY_PURPOSE>CC</ENQUIRY_PURPOSE>
            <ENQUIRY_AMOUNT>50000.00</ENQUIRY_AMOUNT>
        </ENQUIRY_INFO>
    </soapenv:Body>
</soapenv:Envelope>